이름,월,커밋수
신동현,2025-10,28
신동현,2025-11,75
신동현,2025-12,222
신동현,2026-01,463
이해주,2025-09,97
이해주,2025-10,151
이해주,2025-11,295
이해주,2025-12,253
이해주,2026-01,162
김승하,2025-10,35
김승하,2025-11,118
김승하,2025-12,256
김승하,2026-01,198
임희강,2025-10,16
임희강,2025-11,74
임희강,2025-12,98
임희강,2026-01,202
최재웅,2025-09,10
최재웅,2025-10,70
최재웅,2025-11,187
최재웅,2025-12,376
최재웅,2026-01,208
임동현,2025-10,53
임동현,2025-11,138
임동현,2025-12,190
임동현,2026-01,182
변지운,2025-10,14
변지운,2025-11,39
변지운,2025-12,62
변지운,2026-01,77
조인영,2025-10,7
조인영,2025-11,5
조인영,2025-12,16
조인영,2026-01,1
